targets i,1,2,3,4,5,6,7
1,30.2794414484915,81.3479621287381,51.7035014829898,45.7859140968757,52.1639297006223,61.4768551681593,48.1410107570635
2,43.3942994960972,60.6758465277276,79.7843017014516,75.7412345828938,91.263257007645,101.329299228075,58.1343012702454
3,3.64865135089093,10.8934703577146,9.17014646828937,6.36761982085848,14.3931395853231,17.240441261099,6.11516560082719
4,4.83067937859553,15.4592032923757,11.1820158659501,10.6152558821821,17.4208045465713,15.6002687491034,10.7614361255717
5,0.983019456339426,3.17157273462046,6.41397587327308,2.89045144994281,9.2356427402545,10.9488802189701,1.17433875938877
6,0.539313958532315,1.79073860928088,2.07306138926277,1.31877702879392,6.19990846778983,5.11336633649775,0.549227220448661
7,9.35759652618803,28.7941867208044,37.9973719120218,24.1255234922695,36.1929267113928,40.7864368572622,25.0171061771825
